style,role,slots,note
dive,tank,2,the engage pair: winston d.va doomfist wrecking ball hazard
dive,damage,2,flankers who arrive with the tanks: genji tracer sombra echo
dive,support,2,mobile follow who can survive the commit: lucio kiriko juno moira
brawl,tank,2,frontline pair who holds the scrum: reinhardt zarya junker queen mauga ramattra
brawl,damage,2,close-range sustained damage: reaper mei symmetra cassidy
brawl,support,2,aoe sustain inside the fight: lucio brigitte ana moira
poke,tank,2,space at range without overextending: sigma orisa ramattra zarya
poke,damage,2,long-range pressure that wins the chip war: hanzo widowmaker ashe pharah
poke,support,2,backline that heals from distance: ana baptiste zenyatta illari
