code,value,note
COVERAGE_MIN,2,a candidate must answer at least this many named enemies to earn a coverage line
SPECIALIST_DELTA,2.5,percentage points above (specialist) or below (off-map) a hero's own baseline win rate
SLEEPER_WIN,51.0,minimum map win rate for a sleeper
SLEEPER_PICK,6.0,"maximum pick rate for a sleeper; doubled, the floor for an over-picked underperformer"
PAIRING_LIMIT,6,how many proven partners to list per locked pick
NET_LIMIT,5,how many candidates the net-matchup line ranks
TREND_POINTS,1.5,minimum win-rate movement between snapshots worth naming
HEAL_MARGIN,0.75,healing supply below this share of the two-support benchmark raises the under-healed flag
WEAK_TIE,2,"synergy scores at or below this are documented doubts (weak-tie audit, when wired)"
